concept,explanation,explanation 2,example,note
c++,"C++ is a general-purpose programming language that supports procedural, object-oriented, and generic programming.","It is widely used for system/software development, games, and performance-critical applications.","class Car { public: void drive() { std::cout << ""Driving""; } };","Use C++ when performance and memory management are priorities."
c,"C is a low-level procedural programming language known for its efficiency and close-to-hardware capabilities.","It forms the basis of many modern languages and operating systems.","Example: #include <stdio.h> int main() { printf(""Hello, World!""); return 0; }","C requires manual memory management using pointers and malloc/free."
java,"Java is a high-level, object-oriented language designed to run on any platform using the JVM.","It emphasizes portability, security, and strong typing.","Example: public class Hello { public static void main(String[] args) { System.out.println(""Hello""); } }","Java uses garbage collection and is widely used in enterprise applications."
javaScript,"JavaScript is a high-level, interpreted scripting language mainly used for web development.","It enables dynamic and interactive content in browsers and supports asynchronous operations.","Example: console.log(""Hello, World!"");","JavaScript runs in the browser and uses event-driven programming."
python,"Python is a high-level, dynamically typed language known for its readability and simplicity.","It supports multiple paradigms, including procedural, object-oriented, and functional programming.","Example: print(""Hello, World!"")","Python is ideal for beginners, scripting, and data science."
scala,"Scala is a hybrid functional and object-oriented language that runs on the JVM.","It blends concise syntax with powerful features like immutability, pattern matching, and higher-order functions.","Example: object Hello extends App { println(""Hello, World!"") }","Scala is commonly used with Apache Spark for big data and functional programming."
algorithm,"An algorithm is a set of steps to solve a problem or perform a computation.","Algorithms can be thought of as recipes, providing a sequence of operations that a computer follows to achieve a goal.","A bubble sort algorithm in Python: for i in range(n): for j in range(n-i-1): if arr[j] > arr[j+1]: arr[j], arr[j+1] = arr[j+1], arr[j]","Consider time and space complexity when choosing an algorithm."
scala,"Scala is a programming language that combines object-oriented and functional programming.","Scala runs on the JVM and integrates features like immutability and pattern matching from functional programming.","A Scala factorial function: def factorial(n: Int): Int = if (n <= 1) 1 else n * factorial(n-1)","Scala’s concise syntax can reduce boilerplate code compared to Java."
class,"A class is a blueprint for creating objects in object-oriented programming.","It defines properties and behaviors that objects instantiated from the class will have.","A Python class: class Car: def __init__(self, color): self.color = color","Use encapsulation to hide class internals from outside access."
arrays,"Arrays are a data structure that stores a fixed-size sequence of elements of the same type.","Arrays allow random access to elements via indices, making them efficient for certain operations.","A C array: int temps[3] = {23, 24, 22}; printf('%d', temps[1]);","Arrays have a fixed size in some languages like C, unlike dynamic lists."
variables,"Variables are named storage locations that hold data values in a program.","They act as containers whose values can change during execution, depending on the scope.","A JavaScript variable: let age = 25; age = 26;","Choose meaningful names to improve code readability."
dsa,"DSA stands for Data Structures and Algorithms, foundational concepts in computer science.","It involves organizing data (e.g., lists, trees) and designing efficient problem-solving methods.","A Python stack for reversal: stack = []; stack.append('h'); stack.append('i'); word = stack.pop() + stack.pop();","Practice DSA to optimize software performance."
oop,"Object-Oriented Programming is a paradigm using objects and classes to design software.","OOP emphasizes concepts like inheritance and polymorphism to model real-world entities.","A Java class: class Dog extends Animal { void bark() { System.out.println('Woof'); } }","OOP promotes code reusability and modularity."
Loops,"Loops are control structures that repeat a block of code until a condition is met.","They reduce redundancy by iterating over data or repeating actions like in while or for loops.","A Python for loop: for i in range(1, 11): print(i)","Use break or continue to control loop execution precisely."
Inheritance,"Inheritance allows a class to inherit properties and methods from another class.","It enables code reuse by creating a hierarchy, like a 'Child' class extending 'Parent'.","A Java example: class Bird extends Animal { void fly() { System.out.println('Flying'); } }","Favor composition over inheritance when relationships are complex."
polymorphism,"Polymorphism allows methods to be used in different ways based on the object.","It enables a single interface to represent different underlying forms, like method overriding.","A Python example: class Shape: def draw(self): pass; class Circle(Shape): def draw(self): return 'Drawing Circle'","Polymorphism enhances flexibility in large codebases."
closure,"A closure is a function that retains access to its outer scope’s variables.","It allows functions to 'remember' the environment in which they were created.","A JavaScript closure: function outer() { let x = 10; return function() { return x; }; } let inner = outer();","Closures are useful for data privacy in JavaScript."
list,"A list is a dynamic data structure that holds an ordered collection of items.","Unlike arrays, lists can grow or shrink, supporting operations like append and remove.","A Python list: items = ['milk', 'bread']; items.append('eggs')","Lists in Python are versatile but can be slower than arrays for random access."
array,"An array is a fixed-size, ordered collection of elements of the same data type.","It provides constant-time access to elements using an index.","A Java array: double[] temps = {23.5, 24.0, 22.8}; System.out.println(temps[1]);","Arrays are memory-efficient but lack flexibility in size."
interface,"An interface defines a contract of methods that a class must implement.","It specifies what a class should do without providing the implementation.","A Java interface: interface Runnable { void run(); }; class Thread implements Runnable { public void run() {} }","Interfaces support multiple inheritance in languages like Java."
function,"A function is a block of code designed to perform a specific task.","It can take parameters, execute logic, and return a value when called.","A Python function: def add(a, b): return a + b; result = add(3, 4)","Keep functions small and focused on a single responsibility."
pointer,"A pointer is a variable that stores the memory address of another variable.","It allows direct memory manipulation, common in low-level programming.","A C++ pointer: int x = 10; int* ptr = &x; *ptr = 20;","Be cautious with pointers to avoid memory leaks or invalid access."
dictionary,"A dictionary is a data structure storing key-value pairs for fast lookups.","It maps unique keys to values, like a real-world dictionary maps words to definitions.","A Python dictionary: fruits = {'apple': 5, 'banana': 3}; print(fruits['apple'])","Dictionaries are efficient for associative data but require unique keys."
abstraction,"Abstraction hides complex implementation details, showing only essentials.","It allows users to interact with a simplified interface or object.","A Python abstract class: from abc import ABC, abstractmethod; class Vehicle(ABC): @abstractmethod def start(self): pass","Abstraction reduces cognitive load in software design."
virtual function,"A virtual function enables runtime polymorphism in object-oriented languages.","It allows a derived class to override a method defined in a base class.","A C++ virtual function: class Vehicle { virtual void move() { cout << 'Moving'; } }; class Car : public Vehicle { void move() { cout << 'Driving'; } };","Virtual functions are key in C++ for dynamic dispatch."
module,"A module is a file containing code, like functions or classes, for reuse.","It organizes code into separate units, improving maintainability.","A Python module: # math_utils.py; def add(a, b): return a + b; # main.py: import math_utils; math_utils.add(2, 3)","Use modules to avoid namespace clashes in large projects."
prototype,"Prototype is a design pattern where objects are created by cloning a prototype.","It allows creating new objects by copying an existing object, reducing initialization overhead.","A JavaScript prototype: function Person(name) { this.name = name; }; Person.prototype.greet = function() { return 'Hi ' + this.name; };","Prototypes are central to JavaScript’s inheritance model."
structure,"A structure is a user-defined data type that groups related variables.","It allows combining different data types under a single name, useful in low-level programming.","A C structure: struct Point { int x; int y; }; struct Point p = {3, 4};","Structures in C don’t support methods, unlike classes."
lambda function,"A lambda function is a small, anonymous function defined without a name.","It’s often used for short, throwaway functions in functional programming.","A Python lambda: square = lambda x: x * x; print(square(5))","Lambdas are handy for quick operations but can reduce readability if overused."
encapsulation,"Encapsulation bundles data and methods into a single unit, restricting direct access.","It protects an object’s internal state by exposing only necessary interfaces.","A Java example: class Account { private double balance; public void deposit(double amt) { balance += amt; } }","Use getters and setters to control access to private fields."
template,"A template allows writing generic code that works with any data type.","It enables type-safe code reuse without sacrificing performance.","A C++ template: template<typename T> T max(T a, T b) { return a > b ? a : b; }","Templates are powerful but can lead to complex error messages."
set,"A set is a collection that stores unique elements, with no duplicates.","It supports operations like union, intersection, and difference efficiently.","A Python set: numbers = {1, 2, 3}; numbers.add(4); numbers.add(1);","Sets are ideal for checking membership and removing duplicates."
linked list,"A linked list is a linear data structure where elements are stored in nodes.","Each node contains data and a reference to the next node, allowing dynamic sizing.","A Python node class: class Node: def __init__(self, data): self.data = data; self.next = None","Linked lists are flexible but slower for random access than arrays."
exception handling,"Exception handling manages errors during program execution.","It uses try-catch blocks to gracefully handle unexpected conditions.","A Java try-catch: try { int x = 10 / 0; } catch (ArithmeticException e) { System.out.println('Divide by zero'); }","Always catch specific exceptions rather than generic ones."
list comprehension,"List comprehension provides a concise way to create lists from iterables.","It’s a more readable alternative to loops for transforming or filtering data.","A Python list comprehension: squares = [x**2 for x in range(5)]; print(squares)","List comprehensions can improve performance over traditional loops."
overloading,"Overloading allows defining multiple methods with the same name but different parameters.","It enables methods to behave differently based on input types or counts.","A Java method overload: void print(int x) { }; void print(String s) { };","Overloading improves code readability but can’t differ by return type alone."
callback,"A callback is a function passed as an argument to another function.","It allows asynchronous execution, often used in event-driven programming.","A JavaScript callback: setTimeout(function() { console.log('Delayed'); }, 1000);","Callbacks can lead to 'callback hell'—consider promises or async/await."
generator,"A generator is a function that yields values one at a time, pausing execution.","It allows iterating over a sequence without storing it all in memory.","A Python generator: def count(): for i in range(3): yield i; for x in count(): print(x)","Generators are memory-efficient for large datasets."
abstract class,"An abstract class is a class that cannot be instantiated and may contain abstract methods.","It serves as a blueprint for subclasses, enforcing method implementation.","A Python abstract class: from abc import ABC, abstractmethod; class Shape(ABC): @abstractmethod def area(self): pass","Abstract classes can include concrete methods too."
stack,"A stack is a data structure that follows the Last In, First Out (LIFO) principle.","It supports push (add) and pop (remove) operations at the top.","A Python stack: stack = []; stack.append(1); stack.append(2); print(stack.pop())","Stacks are used in function call management and undo mechanisms."
tuple,"A tuple is an immutable, ordered collection of elements.","It can store heterogeneous data and is faster than lists due to immutability.","A Python tuple: point = (3, 4); x, y = point; print(x)","Tuples are great for fixed data, like coordinates or records."
promise,"A promise represents a value that may be available now, later, or never.","It’s used for asynchronous operations, providing a cleaner alternative to callbacks.","A JavaScript promise: let p = new Promise((resolve, reject) => { setTimeout(() => resolve('Done'), 1000); });","Use .then() and .catch() to handle promise resolution."
destructor,"A destructor is a special method called when an object is destroyed.","It’s used to clean up resources, like closing files or freeing memory.","A C++ destructor: class Resource { ~Resource() { cout << 'Cleaned up'; } };","Destructors are automatic in C++ but not in garbage-collected languages."
method overriding,"Method overriding allows a subclass to provide a specific implementation of a method.","It enables runtime polymorphism by redefining a base class method.","A Java override: class Animal { void sound() { }; } class Dog extends Animal { void sound() { System.out.println('Woof'); } }","Ensure the method signature matches exactly for overriding."
queue,"A queue is a data structure that follows the First In, First Out (FIFO) principle.","It supports enqueue (add) and dequeue (remove) operations.","A Python queue: from collections import deque; q = deque(); q.append(1); q.popleft();","Queues are used in scheduling and breadth-first search."
file i/o,"File I/O refers to reading from and writing to files in a program.","It allows persistent storage of data beyond program execution.","A Python file write: with open('data.txt', 'w') as f: f.write('Hello');","Always close files or use context managers to avoid resource leaks."
arrow function,"An arrow function is a concise syntax for writing functions in JavaScript.","It doesn’t have its own 'this', making it useful for callbacks.","A JavaScript arrow function: const add = (a, b) => a + b; console.log(add(2, 3));","Arrow functions are not suitable for methods needing 'this' binding."
stl,"STL (Standard Template Library) provides generic classes and functions in C++.","It includes containers (e.g., vector), algorithms (e.g., sort), and iterators.","A C++ STL vector: #include <vector>; vector<int> v = {1, 2, 3}; v.push_back(4);","STL boosts productivity but requires understanding templates."
dynamic memory allocation,"Dynamic memory allocation allocates memory at runtime.","It allows flexible memory management using pointers.","A C++ allocation: int* ptr = new int(5); delete ptr;","Always free dynamically allocated memory to prevent leaks."
regular expression,"A regular expression (regex) is a pattern for matching strings.","It’s used for searching, validation, and text manipulation.","A Python regex: import re; match = re.search(r'\d+', 'abc123'); print(match.group())","Regex can be complex—test thoroughly to avoid errors."
map,"A map is a data structure that stores key-value pairs, like a dictionary.","It provides fast lookups by key, often implemented as a hash table.","A Python map: scores = {'Alice': 90, 'Bob': 85}; print(scores['Alice'])","Maps are efficient for lookups but require unique keys."
graph,"A graph is a data structure with nodes connected by edges.","It’s used to model relationships, like networks or social connections.","A Python adjacency list: graph = {'A': ['B', 'C'], 'B': ['A']}; print(graph['A'])","Graphs can be directed or undirected—choose based on your problem."
filter,"Filter selects elements from a collection based on a condition.","It’s a functional programming concept for data processing.","A Python filter: numbers = [1, 2, 3, 4]; evens = list(filter(lambda x: x % 2 == 0, numbers));","Filter is often paired with map for data transformations."
exception,"An exception is an error that occurs during program execution.","It disrupts normal flow and can be caught and handled.","A Python exception: try: x = 1 / 0; except ZeroDivisionError: print('Cannot divide by zero');","Handle exceptions to prevent crashes and improve robustness."
constructor,"A constructor is a special method that initializes objects.","It’s called automatically when an object is created.","A Java constructor: class Person { String name; Person(String n) { name = n; } }","Constructors can be overloaded to provide multiple initialization options."
binary tree,"A binary tree is a tree where each node has at most two children.","It’s used for hierarchical data and efficient searching/sorting.","A Python node: class Node: def __init__(self, value): self.value = value; self.left = None; self.right = None","Balanced binary trees improve search performance."
class template,"A class template allows creating generic classes in C++.","It supports type-safe code reuse for different data types.","A C++ class template: template<class T> class Box { T item; public: Box(T i) : item(i) {} };","Class templates are resolved at compile time for efficiency."
global variable,"A global variable is accessible throughout the program.","It’s defined outside functions or classes, often at the top.","A Python global: count = 0; def increment(): global count; count += 1;","Minimize global variables to avoid unintended side effects."
polymorphic method,"A polymorphic method behaves differently based on the object.","It’s typically achieved through method overriding.","A Java polymorphic method: class Animal { void sound() { }; } class Cat extends Animal { void sound() { System.out.println('Meow'); } }","Polymorphic methods enable flexible, extensible code."
heap,"A heap is a tree-based data structure with a specific order property.","In a max-heap, parent nodes are larger than children; min-heap is the opposite.","A Python heap: import heapq; h = [5, 2, 9]; heapq.heapify(h); print(heapq.heappop(h))","Heaps are used in priority queues and heap sort."
string formatting,"String formatting constructs strings by embedding values.","It makes output readable by combining text and data.","A Python f-string: name = 'Alice'; print(f'Hello, {name}!')","F-strings in Python are more readable than older .format() methods."
friend function,"A friend function in C++ can access private members of a class.","It’s declared with the 'friend' keyword, breaking encapsulation for specific use.","A C++ friend function: class Box { private: int x; friend void show(Box b); }; void show(Box b) { cout << b.x; }","Use friend functions sparingly to maintain encapsulation."
overloaded constructor,"An overloaded constructor provides multiple ways to initialize an object.","It differs by parameter types or count, like method overloading.","A Java overloaded constructor: class Point { int x, y; Point() { x = y = 0; } Point(int a, int b) { x = a; y = b; } }","Overloaded constructors improve object creation flexibility."
hash table,"A hash table stores key-value pairs using a hash function.","It provides fast lookups by mapping keys to indices.","A Python hash table (dict): table = {'key1': 'value1'}; table['key2'] = 'value2';","Hash collisions can be resolved with chaining or open addressing."
spread operator,"The spread operator in JavaScript expands elements.","It’s used to copy arrays/objects or pass multiple arguments.","A JavaScript spread: let arr1 = [1, 2]; let arr2 = [...arr1, 3, 4]; console.log(arr2);","Spread operator is shallow—nested objects are not deeply copied."
multithreading,"Multithreading runs multiple threads in a program concurrently.","It improves performance by parallelizing tasks.","A Python thread: import threading; def task(): print('Running'); t = threading.Thread(target=task); t.start();","Use locks to avoid race conditions in multithreading."
avl tree,"An AVL tree is a self-balancing binary search tree.","It ensures the height difference between subtrees is at most 1.","A Python AVL node: class AVLNode: def __init__(self, key): self.key = key; self.height = 1","AVL trees guarantee O(log n) operations through balancing."
deque,"A deque (double-ended queue) allows adding/removing from both ends.","It’s efficient for both queue and stack operations.","A Python deque: from collections import deque; d = deque([1, 2]); d.appendleft(0);","Deques are versatile for problems needing flexible access."
tree,"A tree is a hierarchical data structure with nodes and edges.","It starts with a root and branches into children, used for hierarchies.","A Python tree node: class TreeNode: def __init__(self, value): self.value = value; self.children = []","Trees are foundational for algorithms like DFS and BFS."
zip function,"The zip function pairs elements from multiple iterables.","It creates an iterator of tuples, useful for parallel iteration.","A Python zip: names = ['Alice', 'Bob']; scores = [90, 85]; paired = list(zip(names, scores));","Zip stops at the shortest iterable—extend with itertools.zip_longest."
trie,"A trie is a tree-like structure for storing strings.","It’s efficient for prefix-based searches, like autocomplete.","A Python trie node: class TrieNode: def __init__(self): self.children = {}; self.is_end = False","Tries trade space for speed in string operations."
lambda expression,"A lambda expression is a concise anonymous function.","It’s used for inline operations, often in functional programming.","A Java lambda: (a, b) -> a + b; System.out.println(((a, b) -> a + b).apply(3, 4));","Lambdas improve readability for short, functional tasks."
abstract class,"An abstract class cannot be instantiated and may have abstract methods.","It provides a base for subclasses to implement specific behavior.","A Java abstract class: abstract class Shape { abstract void draw(); }; class Circle extends Shape { void draw() { } }","Abstract classes can mix abstract and concrete methods."
binary search,"Binary search finds an element in a sorted array by halving the search space.","It requires the data to be sorted, achieving O(log n) complexity.","A Python binary search: def binary_search(arr, x): l, r = 0, len(arr)-1; while l <= r: mid = (l+r)//2; if arr[mid] == x: return mid","Binary search is efficient but requires sorted input."
dataframe,"A DataFrame is a 2D data structure in libraries like pandas.","It’s like a table with rows and columns, used for data analysis.","A Python DataFrame: import pandas as pd; df = pd.DataFrame({'A': [1, 2], 'B': [3, 4]})","DataFrames are powerful for data manipulation and analysis."
annotation,"An annotation adds metadata to code, often for configuration.","It’s used in Java for things like marking methods or classes.","A Java annotation: @Override public String toString() { return 'Example'; }","Annotations don’t affect runtime behavior but aid tools and frameworks."
unit testing,"Unit testing verifies individual components of a program.","It ensures each unit (e.g., function) works as expected.","A Python unit test: import unittest; class TestMath(unittest.TestCase): def test_add(self): self.assertEqual(1 + 1, 2)","Write unit tests to catch bugs early in development."
type inference,"Type inference allows a compiler to deduce variable types.","It reduces explicit type declarations, improving code brevity.","A Scala type inference: val x = 42; // inferred as Int","Type inference makes code cleaner but can obscure types if overused."
numpy array,"A NumPy array is a powerful array structure in Python for numerical operations.","It supports multi-dimensional arrays and vectorized operations.","A Python NumPy array: import numpy as np; arr = np.array([1, 2, 3]); print(arr * 2)","NumPy arrays are faster than Python lists for math operations."
garbage collection,"Garbage collection automatically frees memory of unused objects.","It prevents memory leaks by tracking object references.","A Java garbage collection hint: System.gc(); // Suggests garbage collection","Garbage collection reduces manual memory management but may add overhead."
sorting,"Sorting arranges elements in a specific order, like ascending.","It’s a fundamental operation in algorithms, with methods like quicksort.","A Python sort: arr = [3, 1, 2]; arr.sort(); print(arr)","Choose sorting algorithms based on data size and stability needs."
api,"An API (Application Programming Interface) allows different systems to communicate.","It defines methods and data formats for interaction.","A Python API call: import requests; response = requests.get('https://api.example.com/data')","APIs are key for integrating third-party services."
disjoint set,"A disjoint set (union-find) tracks elements in disjoint groups.","It’s used for problems like detecting cycles in graphs.","A Python disjoint set: def find(parent, x): if parent[x] != x: parent[x] = find(parent, parent[x]); return parent[x]","Disjoint sets are efficient with path compression and union by rank."
enum,"An enum defines a set of named constants.","It’s used to represent fixed values, like days or states.","A Java enum: enum Day { MONDAY, TUESDAY }; Day today = Day.MONDAY;","Enums improve type safety and readability."
kruskal's,"Kruskal’s algorithm finds the minimum spanning tree of a graph.","It sorts edges by weight and adds them if they don’t form a cycle.","A Python Kruskal snippet: edges.sort(); # Sort edges by weight for Kruskal’s","Kruskal’s is efficient for sparse graphs."
metaclass,"A metaclass is a class of a class, defining how classes behave.","It’s used for advanced customization in Python.","A Python metaclass: class Meta(type): pass; class MyClass(metaclass=Meta): pass","Metaclasses are powerful but complex—use sparingly."
fenwick tree,"A Fenwick tree (Binary Indexed Tree) efficiently updates and queries prefix sums.","It’s used for dynamic cumulative frequency tables.","A Python Fenwick update: def update(index, val, bit): while index <= n: bit[index] += val","Fenwick trees are compact and fast for range queries."
class method,"A class method operates on the class itself, not instances.","It’s defined using a decorator and takes the class as the first argument.","A Python class method: class MyClass: @classmethod def from_string(cls, s): return cls(s)","Class methods are useful for alternative constructors."
huffman coding,"Huffman coding is a compression algorithm using variable-length codes.","It assigns shorter codes to frequent symbols.","A Python Huffman step: # Build frequency table: freq = {}; for char in data: freq[char] = freq.get(char, 0) + 1","Huffman coding is optimal for lossless compression."
multiprocessing,"Multiprocessing runs multiple processes for parallelism.","It bypasses Python’s GIL for true concurrency.","A Python multiprocessing: from multiprocessing import Process; def task(): print('Running'); p = Process(target=task); p.start();","Multiprocessing is CPU-intensive—use for heavy computations."
reflection,"Reflection inspects and modifies code structure at runtime.","It’s used for dynamic behavior, like accessing method names.","A Java reflection: Class<?> c = Class.forName('MyClass'); Method m = c.getMethod('myMethod');","Reflection is powerful but slow—use judiciously."
bellman ford,"Bellman-Ford algorithm finds shortest paths in a weighted graph.","It handles negative weights, unlike Dijkstra’s.","A Python Bellman-Ford step: for i in range(V-1): for u, v, w in edges: dist[v] = min(dist[v], dist[u] + w)","Bellman-Ford detects negative cycles."
hash function,"A hash function maps data to a fixed-size value.","It’s used in hash tables for quick data retrieval.","A Python hash: def hash_func(s): return sum(ord(c) for c in s) % 10; print(hash_func('key'))","Good hash functions minimize collisions."
segment tree,"A segment tree is a tree for storing intervals or segments.","It enables efficient range queries and updates.","A Python segment tree build: def build(arr, tree, node, start, end): if start == end: tree[node] = arr[start]","Segment trees are versatile for range-based problems."
floyd warshall,"Floyd-Warshall algorithm finds shortest paths between all pairs of nodes.","It works with negative weights but not negative cycles.","A Python Floyd-Warshall: for k in range(V): for i in range(V): for j in range(V): dist[i][j] = min(dist[i][j], dist[i][k] + dist[k][j])","Floyd-Warshall has O(V^3) complexity."
lru cache,"An LRU cache (Least Recently Used) evicts the least recently used items.","It’s used in caching systems to optimize memory.","A Python LRU cache: from functools import lru_cache; @lru_cache(maxsize=128) def fib(n): return n if n < 2 else fib(n-1) + fib(n-2)","LRU caches balance speed and memory usage."
websocket,"A WebSocket provides a persistent, bidirectional connection.","It enables real-time communication between client and server.","A JavaScript WebSocket: let ws = new WebSocket('ws://example.com'); ws.onmessage = (event) => console.log(event.data);","WebSockets are ideal for chat apps or live updates."
immutability,"Immutability means an object’s state cannot change after creation.","It ensures thread safety and predictability.","A Python immutable tuple: coords = (10, 20); # Cannot modify coords[0]","Immutability reduces bugs in concurrent programs."
dataclasses,"Dataclasses in Python simplify class creation with default behaviors.","They auto-generate methods like __init__ for data storage.","A Python dataclass: from dataclasses import dataclass; @dataclass class Point: x: int; y: int","Dataclasses reduce boilerplate for data-heavy classes."
bigint,"BigInt handles large integers beyond standard number limits.","It’s used for precise arithmetic in JavaScript.","A JavaScript BigInt: let big = BigInt(9007199254740991); console.log(big + 1n);","BigInt avoids precision loss with large numbers."
fold expression,"A fold expression in C++ applies an operator over a parameter pack.","It simplifies variadic template operations.","A C++ fold: template<typename... Args> auto sum(Args... args) { return (args + ...); }","Fold expressions make variadic templates more concise."
memory management,"Memory management handles allocation and deallocation of memory.","It ensures efficient use of resources during execution.","A C++ memory management: int* ptr = new int[10]; delete[] ptr;","Proper memory management prevents leaks and crashes."
divide and conquer,"Divide and Conquer breaks problems into smaller subproblems.","It solves subproblems recursively, then combines solutions.","A Python merge sort: def merge_sort(arr): if len(arr) <= 1: return arr; mid = len(arr)//2","Divide and Conquer is key for algorithms like quicksort."
pattern matching,"Pattern matching checks a value against a pattern.","It’s used in functional languages for control flow.","A Scala pattern match: def matchVal(x: Any): String = x match { case i: Int => 'Int'; case _ => 'Other' }","Pattern matching simplifies conditional logic."
sealed class,"A sealed class restricts which classes can inherit from it.","It’s used to define a closed hierarchy.","A Kotlin sealed class: sealed class Expr; class Const(val value: Int) : Expr()","Sealed classes are useful for exhaustive type checking."
backtracking,"Backtracking is an algorithm for solving problems incrementally.","It abandons partial solutions when they fail, backtracking to try others.","A Python backtracking: def solve(board): if not find_empty(board): return True; row, col = find_empty(board)","Backtracking is common in puzzles like Sudoku."
bit manipulation,"Bit manipulation operates on binary representations.","It uses bitwise operators for efficient computation.","A Python bit manipulation: x = 5; y = 3; result = x & y; print(result)","Bit manipulation is fast for low-level operations."
server-side rendering,"Server-side rendering generates HTML on the server.","It improves initial load time and SEO for web apps.","A React SSR snippet: import { renderToString } from 'react-dom/server'; const html = renderToString(<App />);","SSR enhances performance but may increase server load."
dynamic programming,"Dynamic programming solves problems by breaking them into overlapping subproblems.","It uses memoization or tabulation to store solutions.","A Python DP: def fib(n, memo={}): if n < 2: return n; if n in memo: return memo[n]; memo[n] = fib(n-1) + fib(n-2)","DP optimizes recursive problems like Fibonacci."
refactoring,"Refactoring improves code structure without changing behavior.","It enhances readability, maintainability, and performance.","A Python refactor: # Before: x = a + b; # After: result = add(a, b); def add(a, b): return a + b","Refactor regularly to keep code clean."
scalability,"Scalability is a system’s ability to handle increased load.","It involves designing for growth in users or data.","A scalable design: # Use load balancer: server1, server2 = split_traffic(requests)","Plan for scalability early to avoid future bottlenecks."
memory leak,"A memory leak occurs when memory isn’t freed properly.","It leads to increased memory usage over time.","A C++ memory leak: int* ptr = new int; // Forgot to delete ptr","Use tools like Valgrind to detect memory leaks."
code reusability,"Code reusability allows using code in multiple contexts.","It reduces duplication through functions, classes, or modules.","A Python reusable function: def calculate_area(length, width): return length * width","Reusability saves time and reduces errors."
microservices,"Microservices are small, independent services that work together.","They enable modular, scalable application design.","A microservice call: # Service A: requests.post('http://service-b/endpoint', data={'key': 'value'})","Microservices improve fault isolation but add complexity."
iterator,"An iterator provides a way to traverse a collection.","It abstracts the traversal process, like in loops.","A Python iterator: nums = [1, 2, 3]; it = iter(nums); print(next(it))","Iterators are the foundation for Python’s for loops."
debugging,"Debugging is the process of finding and fixing bugs.","It involves stepping through code and inspecting variables.","A Python debug print: x = 5; print(f'Debug: x = {x}'); y = x / 0","Use debuggers like gdb or IDE tools for efficiency."
data compression,"Data compression reduces the size of data.","It can be lossless (e.g., ZIP) or lossy (e.g., JPEG).","A Python compression: import zlib; compressed = zlib.compress(b'Hello');","Compression saves storage but may add processing overhead."
data encryption,"Data encryption secures data by converting it into an unreadable form.","It uses algorithms like AES to protect sensitive information.","A Python encryption: from cryptography.fernet import Fernet; key = Fernet.generate_key();","Always use strong keys and secure algorithms."
graphql,"GraphQL is a query language for APIs.","It allows clients to request exactly the data they need.","A GraphQL query: query { user(id: '1') { name } }","GraphQL reduces over-fetching compared to REST."
data visualization,"Data visualization presents data in graphical form.","It helps in understanding trends and patterns.","A Python visualization: import matplotlib.pyplot as plt; plt.plot([1, 2, 3], [4, 5, 6]);","Choose the right chart type for your data."
rest api,"A REST API uses HTTP methods to interact with resources.","It follows stateless, client-server architecture.","A Python REST call: import requests; response = requests.get('https://api.example.com/users')","REST APIs are widely used for their simplicity."
data cleaning,"Data cleaning removes or corrects erroneous data.","It ensures data quality for analysis.","A Python data cleaning: import pandas as pd; df = pd.DataFrame({'A': [1, None]}); df.fillna(0)","Clean data early to avoid skewed results."
automation,"Automation executes repetitive tasks programmatically.","It saves time and reduces human error.","A Python automation: import os; for file in os.listdir(): if file.endswith('.txt'): os.remove(file)","Automate wisely to avoid unintended consequences."
authorization,"Authorization determines what a user can access.","It’s often implemented with roles or permissions.","A Python authorization: if user.role == 'admin': access_granted = True","Use frameworks like OAuth for secure authorization."
logic programming,"Logic programming uses facts and rules to solve problems.","It’s based on formal logic, like in Prolog.","A Prolog rule: parent(X, Y) :- father(X, Y); mother(X, Y).","Logic programming is ideal for knowledge representation."
accessibility,"Accessibility ensures software is usable by people with disabilities.","It includes features like screen reader support.","An HTML accessibility: <button aria-label='Close'>X</button>","Follow WCAG guidelines for better accessibility."
seo optimization,"SEO optimization improves a website’s visibility on search engines.","It involves metadata, keywords, and fast loading.","An HTML meta tag: <meta name='description' content='Learn programming'>","SEO is critical for web applications."
code validation,"Code validation checks code against standards or rules.","It ensures correctness, like validating HTML.","A Python validation: from jsonschema import validate; schema = {'type': 'string'}; validate('test', schema)","Validation catches errors early in development."
machine learning,"Machine learning enables systems to learn from data.","It includes algorithms like regression and clustering.","A Python ML model: from sklearn.linear_model import LinearRegression; model = LinearRegression(); model.fit(X, y)","ML requires clean, well-prepared data."
reinforcement learning,"Reinforcement learning trains agents through rewards.","It’s used in robotics and game AI.","A Python RL setup: # Agent learns: action = agent.choose_action(state); reward = env.step(action)","RL often needs extensive tuning for good results."
data security,"Data security protects data from unauthorized access.","It includes encryption, access controls, and backups.","A Python secure hash: import hashlib; hash = hashlib.sha256(b'password').hexdigest();","Regularly update security measures to counter threats."
framework,"A framework provides a structure for building applications.","It offers reusable components and conventions.","A Flask app: from flask import Flask; app = Flask(__name__); @app.route('/') def home(): return 'Hello'","Frameworks speed up development but have a learning curve."
greedy algorithms,"Greedy algorithms make locally optimal choices at each step.","They aim for a global optimum, like in scheduling.","A Python greedy: # Coin change: coins = [10, 5, 1]; amount = 18; for coin in coins: while amount >= coin: amount -= coin","Greedy algorithms are fast but may not always find the best solution."
recurrence relations,"Recurrence relations define sequences recursively.","They’re used in algorithm analysis, like time complexity.","A Fibonacci recurrence: T(n) = T(n-1) + T(n-2), T(0) = T(1) = 1","Solve recurrences to understand algorithm efficiency."
big o notation,"Big O notation describes the upper bound of an algorithm’s complexity.","It measures worst-case time or space usage.","A Python loop analysis: for i in range(n): print(i); # O(n)","Big O helps compare algorithm efficiency."
relational databases,"Relational databases store data in tables with relationships.","They use SQL for querying and managing data.","A SQL table: CREATE TABLE Users (id INT PRIMARY KEY, name VARCHAR(50));","Relational databases ensure data integrity with constraints."
sql,"SQL (Structured Query Language) manages relational databases.","It performs operations like querying and updating.","A SQL query: SELECT name FROM Users WHERE age > 25;","SQL is standardized but varies slightly by database."
tables,"Tables are the core structure in relational databases.","They store data in rows and columns, like spreadsheets.","A SQL table creation: CREATE TABLE Products (id INT, price DECIMAL);","Use appropriate data types for table columns."
primary keys,"A primary key uniquely identifies each row in a table.","It enforces uniqueness and enables relationships.","A SQL primary key: CREATE TABLE Orders (order_id INT PRIMARY KEY, date DATE);","Primary keys are often indexed for faster lookups."
foreign keys,"A foreign key links tables by referencing a primary key.","It enforces referential integrity between tables.","A SQL foreign key: CREATE TABLE Items (id INT, order_id INT, FOREIGN KEY (order_id) REFERENCES Orders(order_id));","Foreign keys maintain consistency across tables."
indexes,"Indexes speed up data retrieval in databases.","They create a data structure for faster lookups.","A SQL index: CREATE INDEX idx_name ON Users(name);","Indexes improve performance but slow down writes."
normalization,"Normalization organizes data to reduce redundancy.","It splits data into tables following specific rules.","A normalized table: # Split: Users(id, name), Addresses(user_id, city)","Normalization prevents anomalies but may increase complexity."
denormalization,"Denormalization combines tables to improve read performance.","It trades redundancy for faster queries.","A denormalized table: # Combine: Users(id, name, city) instead of separate Addresses","Denormalization is useful for read-heavy applications."
joins,"Joins combine data from multiple tables based on a condition.","They allow relational databases to retrieve related data.","A SQL join: SELECT u.name, o.date FROM Users u JOIN Orders o ON u.id = o.user_id","Joins can be performance-intensive—use indexes."
inner join,"An inner join returns rows where the join condition matches.","It excludes non-matching rows from both tables.","A SQL inner join: SELECT name, order_id FROM Users u INNER JOIN Orders o ON u.id = o.user_id","Inner joins are the most common join type."
left join,"A left join returns all rows from the left table, with matching rows from the right.","Non-matching rows from the right get NULL.","A SQL left join: SELECT name, order_id FROM Users u LEFT JOIN Orders o ON u.id = o.user_id","Left joins are useful for optional relationships."
right join,"A right join returns all rows from the right table, with matching rows from the left.","Non-matching rows from the left get NULL.","A SQL right join: SELECT name, order_id FROM Users u RIGHT JOIN Orders o ON u.id = o.user_id","Right joins are less common than left joins."
full join,"A full join returns all rows from both tables, with NULLs for non-matches.","It combines left and right joins.","A SQL full join: SELECT name, order_id FROM Users u FULL JOIN Orders o ON u.id = o.user_id","Full joins can produce large result sets."
queries,"Queries retrieve or manipulate data in a database.","They are written in SQL, like SELECT or UPDATE.","A SQL query: SELECT * FROM Employees WHERE salary > 50000;","Optimize queries with indexes for better performance."
select statement,"A SELECT statement retrieves data from a database.","It specifies columns and conditions for the result.","A SQL SELECT: SELECT name, age FROM Users WHERE age < 30 ORDER BY age","SELECT is the most used SQL statement."
insert statement,"An INSERT statement adds new rows to a table.","It specifies values for the columns.","A SQL INSERT: INSERT INTO Users (id, name) VALUES (1, 'Alice');","Ensure values match column types to avoid errors."
update statement,"An UPDATE statement modifies existing rows in a table.","It uses a condition to target specific rows.","A SQL UPDATE: UPDATE Users SET age = 31 WHERE id = 1;","Always use a WHERE clause to avoid updating all rows."
delete statement,"A DELETE statement removes rows from a table.","It targets rows based on a condition.","A SQL DELETE: DELETE FROM Users WHERE id = 1;","Double-check conditions to avoid accidental data loss."
transactions,"Transactions ensure a series of operations complete successfully.","They follow ACID properties for reliability.","A SQL transaction: BEGIN TRANSACTION; INSERT INTO Accounts (id, balance) VALUES (1, 1000); COMMIT;","Use ROLLBACK to undo changes if an error occurs."
nosql,"NoSQL databases handle unstructured or semi-structured data.","They scale horizontally, unlike relational databases.","A MongoDB insert: db.users.insertOne({'name': 'Alice', 'age': 25});","NoSQL is ideal for big data and flexible schemas."
graph databases,"Graph databases store data as nodes and edges.","They’re optimized for relationships, like social networks.","A Neo4j query: CREATE (a:Person {name: 'Alice'})-[:KNOWS]->(b:Person {name: 'Bob'});","Graph databases excel in complex relationship queries."
mongodb,"MongoDB is a NoSQL database storing data as JSON-like documents.","It’s scalable and flexible for unstructured data.","A MongoDB query: db.collection.find({'age': {'$gt': 25}}).pretty();","MongoDB is great for rapid development."
html,"HTML (HyperText Markup Language) structures content on the web.","It uses tags to define elements like headings and paragraphs.","An HTML example: <p>Hello, World!</p>","Use semantic HTML for better accessibility."
css,"CSS (Cascading Style Sheets) styles HTML elements.","It controls layout, colors, and fonts.","A CSS rule: p { color: blue; font-size: 16px; }","Separate CSS into files for maintainability."
javascript,"JavaScript is a language for adding interactivity to web pages.","It runs in browsers and on servers (via Node.js).","A JavaScript function: function greet() { console.log('Hello'); } greet();","JavaScript is versatile but can be tricky with async code."
dom,"The DOM (Document Object Model) represents HTML as a tree.","It allows JavaScript to manipulate web pages.","A JavaScript DOM: document.getElementById('myId').innerHTML = 'New text';","DOM operations can be slow—minimize direct manipulation."
ajax,"AJAX (Asynchronous JavaScript and XML) enables asynchronous web requests.","It updates parts of a page without reloading.","A JavaScript AJAX: let xhr = new XMLHttpRequest(); xhr.open('GET', 'data.json', true); xhr.send();","AJAX improves user experience but requires error handling."
json,"JSON (JavaScript Object Notation) is a lightweight data format.","It’s used for data exchange between client and server.","A JSON example: {'name': 'Alice', 'age': 25}","JSON is human-readable and widely supported."
xml,"XML (eXtensible Markup Language) is a markup language for data.","It’s more verbose than JSON but highly structured.","An XML example: <person><name>Alice</name><age>25</age></person>","XML is often used in legacy systems."
apis,"APIs (Application Programming Interfaces) enable system communication.","They define how requests and data are handled.","A JavaScript API fetch: fetch('https://api.example.com/data').then(res => res.json());","Document APIs thoroughly for better usability."
rest,"REST (Representational State Transfer) is an architectural style for APIs.","It uses HTTP methods like GET and POST.","A REST GET: GET /users/1 HTTP/1.1; Host: api.example.com","REST is stateless—each request must be independent."
soap,"SOAP (Simple Object Access Protocol) is a protocol for exchanging structured data.","It uses XML and is more rigid than REST.","A SOAP request: <soap:Envelope><soap:Body><GetUser/></soap:Body></soap:Envelope>","SOAP is used in enterprise systems for its strict standards."
http methods,"HTTP methods define actions in web communication.","Common methods include GET, POST, PUT, DELETE.","A POST request: POST /users HTTP/1.1; Content-Type: application/json; {'name': 'Alice'}","Use appropriate methods for RESTful design."
status codes,"HTTP status codes indicate the result of a request.","Examples include 200 (OK), 404 (Not Found).","A 404 response: HTTP/1.1 404 Not Found","Understand status codes for proper error handling."
frontend,"Frontend refers to the client-side of a web application.","It includes HTML, CSS, and JavaScript for user interaction.","A frontend button: <button onclick='alert('Clicked')'>Click me</button>","Frontend development focuses on user experience."
backend,"Backend handles server-side logic and data.","It includes databases, APIs, and server management.","A Node.js backend: app.get('/data', (req, res) => res.json({'data': 'Hello'}));","Backend ensures data security and scalability."
frameworks,"Frameworks provide reusable structures for app development.","They streamline coding with predefined patterns.","A Django view: from django.http import HttpResponse; def home(request): return HttpResponse('Hello')","Frameworks reduce development time but may add overhead."
react,"React is a JavaScript library for building user interfaces.","It uses components and a virtual DOM for efficiency.","A React component: function Welcome() { return <h1>Hello</h1>; }","React’s component-based design improves reusability."
angular,"Angular is a framework for building dynamic web apps.","It uses TypeScript and two-way data binding.","An Angular component: @Component({template: '<p>Hello</p>'}) class AppComponent {}","Angular is robust but has a steeper learning curve."
vue js,"Vue.js is a progressive JavaScript framework for UI.","It’s lightweight and easy to integrate.","A Vue component: Vue.component('my-comp', { template: '<p>Hello</p>' });","Vue.js balances simplicity and power."
node js,"Node.js is a JavaScript runtime for server-side programming.","It uses an event-driven, non-blocking I/O model.","A Node.js server: const http = require('http'); http.createServer((req, res) => res.end('Hello')).listen(3000);","Node.js excels in real-time applications."
express js,"Express.js is a minimal web framework for Node.js.","It simplifies routing and middleware for APIs.","An Express route: app.get('/', (req, res) => res.send('Hello'));","Express is fast and unopinionated."
django,"Django is a Python web framework for rapid development.","It follows the DRY principle and includes an ORM.","A Django model: from django.db import models; class User(models.Model): name = models.CharField(max_length=50)","Django’s admin interface speeds up development."
flask,"Flask is a lightweight Python web framework.","It’s minimal and flexible, ideal for small apps.","A Flask route: from flask import Flask; app = Flask(__name__); @app.route('/') def home(): return 'Hello'","Flask is great for simple APIs and prototyping."
cookies,"Cookies are small data stored by the browser.","They track user sessions and preferences.","A JavaScript cookie: document.cookie = 'username=Alice; expires=Thu, 01 Jan 2026 00:00:00 GMT';","Secure cookies with HttpOnly and Secure flags."
sessions,"Sessions maintain user state across requests.","They store data server-side, using cookies for identification.","A PHP session: session_start(); $_SESSION['user'] = 'Alice';","Sessions are more secure than cookies for sensitive data."
websockets,"WebSockets enable real-time, bidirectional communication.","They’re used for apps like chat or live updates.","A JavaScript WebSocket: let ws = new WebSocket('ws://example.com'); ws.onopen = () => console.log('Connected');","WebSockets reduce latency compared to polling."
sdlc,"SDLC (Software Development Life Cycle) is a process for software creation.","It includes phases like planning, design, and deployment.","An SDLC phase: # Design: Create UML diagrams before coding","Follow SDLC for structured, efficient development."
agile methodology,"Agile methodology emphasizes iterative development.","It uses sprints and continuous feedback for flexibility.","An Agile sprint: # Plan 2-week sprint: develop login feature","Agile improves adaptability but requires strong communication."
scrum,"Scrum is an Agile framework with roles like Scrum Master.","It uses sprints and daily standups for collaboration.","A Scrum standup: # Daily: 'Yesterday I fixed bugs, today I’ll add tests'","Scrum enhances team productivity and transparency."
waterfall model,"The Waterfall model is a linear software development process.","Each phase (e.g., requirements, design) completes before the next.","A Waterfall phase: # Requirements: Gather user needs before design","Waterfall is rigid but suitable for well-defined projects."
version control,"Version control tracks changes to code over time.","It enables collaboration and history tracking.","A Git commit: git commit -m 'Add login feature'","Use version control to avoid losing work."
git,"Git is a distributed version control system.","It manages code changes with repositories and branches.","A Git branch: git branch feature-login; git checkout feature-login","Git is the industry standard for version control."
github,"GitHub is a platform for hosting Git repositories.","It supports collaboration with pull requests and issues.","A GitHub pull request: git push origin feature-login; # Create PR on GitHub","GitHub enhances team workflows and visibility."
commits,"Commits are snapshots of changes in Git.","They record modifications with a message.","A Git commit: git add .; git commit -m 'Update README'","Write clear commit messages for better history."
branches,"Branches in Git allow parallel development.","They isolate changes until ready to merge.","A Git branch merge: git checkout main; git merge feature-login","Branches keep the main codebase stable."
merging,"Merging combines changes from one branch into another.","It integrates work from multiple developers.","A Git merge: git checkout main; git merge feature-login","Resolve merge conflicts carefully to avoid errors."
pull requests,"Pull requests propose and review changes before merging.","They’re a collaboration tool on platforms like GitHub.","A pull request: # On GitHub: Open PR from feature-branch to main","Pull requests improve code quality through reviews."
continuous integration,"Continuous integration (CI) automates building and testing.","It ensures code changes don’t break the project.","A CI setup: # GitHub Actions: on: push: jobs: build: runs-on: ubuntu-latest","CI catches issues early in the development cycle."
continuous deployment,"Continuous deployment automatically deploys code to production.","It follows CI for rapid delivery.","A CD pipeline: # Deploy: if tests pass, deploy to AWS","CD speeds up release cycles but requires robust testing."
testing,"Testing verifies that software works as intended.","It includes unit, integration, and end-to-end tests.","A Python test: assert sum([1, 2]) == 3, 'Sum should be 3'","Testing reduces bugs and ensures reliability."
procedural programming,"Procedural programming organizes code into procedures.","It focuses on functions and sequential execution.","A C procedural code: void printSum(int a, int b) { printf('%d', a + b); }","Procedural programming is straightforward but less modular."
declarative programming,"Declarative programming expresses logic without describing control flow.","It focuses on what the result should be.","A SQL declarative query: SELECT name FROM Users WHERE age > 25","Declarative code is often more readable than imperative."
imperative programming,"Imperative programming specifies exact steps to achieve a result.","It focuses on how to perform operations.","A Python imperative loop: total = 0; for i in range(5): total += i","Imperative code gives fine control but can be verbose."
concurrent programming,"Concurrent programming runs multiple tasks simultaneously.","It improves efficiency using threads or processes.","A Java concurrent task: ExecutorService exec = Executors.newFixedThreadPool(2); exec.submit(() -> System.out.println('Task'));","Concurrency requires careful synchronization."
parallel programming,"Parallel programming divides tasks to run on multiple processors.","It leverages hardware for performance.","A Python parallel map: from multiprocessing import Pool; with Pool(4) as p: p.map(func, data)","Parallelism shines on multi-core systems."
tcp ip,"TCP/IP is a protocol suite for network communication.","TCP ensures reliable data transfer; IP handles addressing.","A Python socket: import socket; s = socket.socket(socket.AF_INET, socket.SOCK_STREAM)","TCP/IP is the foundation of internet communication."
http,"HTTP (HyperText Transfer Protocol) transfers data on the web.","It’s stateless, using methods like GET and POST.","An HTTP GET: GET /page HTTP/1.1; Host: example.com","HTTP is the backbone of web browsing."
https,"HTTPS (HTTP Secure) encrypts HTTP traffic with SSL/TLS.","It ensures secure communication over the internet.","An HTTPS request: # Browser: https://example.com (uses TLS handshake)","Always use HTTPS for secure data transfer."
dns,"DNS (Domain Name System) translates domain names to IP addresses.","It acts like a phonebook for the internet.","A Python DNS lookup: import socket; ip = socket.gethostbyname('example.com')","DNS caching improves lookup speed."
ip address,"An IP address uniquely identifies a device on a network.","It can be IPv4 (e.g., 192.168.1.1) or IPv6.","A Python IP check: import socket; ip = socket.gethostbyname('localhost'); print(ip)","IP addresses are critical for routing."
ports,"Ports are endpoints for network communication.","They allow multiple services on a single IP.","A Python port use: import socket; s = socket.socket(); s.bind(('localhost', 8080))","Common ports include 80 (HTTP) and 443 (HTTPS)."
sockets,"Sockets are endpoints for bidirectional communication.","They enable data exchange between devices.","A Python socket server: import socket; s = socket.socket(); s.listen(1)","Sockets are low-level—use frameworks for abstraction."
firewalls,"Firewalls block or allow network traffic based on rules.","They enhance security by filtering packets.","A firewall rule: # Allow: iptables -A INPUT -p tcp --dport 80 -j ACCEPT","Configure firewalls to balance security and accessibility."
load balancers,"Load balancers distribute traffic across servers.","They improve scalability and reliability.","A load balancer setup: # Nginx: upstream backend { server backend1; server backend2; }","Load balancers prevent server overload."
encryption,"Encryption converts data into a secure format.","It uses keys to protect confidentiality.","A Python encryption: from cryptography.fernet import Fernet; f = Fernet(key); f.encrypt(b'Secret')","Use strong encryption for sensitive data."
hashing,"Hashing generates a fixed-size value from data.","It’s used for integrity checks and passwords.","A Python hash: import hashlib; h = hashlib.sha256(b'password').hexdigest();","Hashing is one-way—don’t use it for reversible encryption."
unsupervised learning,"Unsupervised learning finds patterns in unlabeled data.","It includes clustering and association.","A Python clustering: from sklearn.cluster import KMeans; model = KMeans(n_clusters=3); model.fit(data)","Unsupervised learning is exploratory."
classification,"Classification predicts categorical labels.","It’s a supervised learning task, like spam detection.","A Python classifier: from sklearn.svm import SVC; clf = SVC(); clf.fit(X_train, y_train)","Classification needs balanced data for accuracy."
regression,"Regression predicts continuous values.","It’s used for tasks like price prediction.","A Python regression: from sklearn.linear_model import LinearRegression; model = LinearRegression(); model.fit(X, y)","Regression assumes a linear relationship unless specified."
clustering,"Clustering groups similar data points.","It’s an unsupervised learning technique.","A Python clustering: from sklearn.cluster import KMeans; kmeans = KMeans(n_clusters=2); kmeans.fit(X)","Choose the right number of clusters with methods like elbow."
deep learning,"Deep learning uses neural networks with many layers.","It excels in tasks like image recognition.","A Python deep learning: from tensorflow.keras import models; model = models.Sequential(); model.add(layers.Dense(64))","Deep learning requires large datasets and compute power."
neural network,"A neural network mimics the human brain for learning.","It consists of layers of interconnected nodes.","A Python neural net: from tensorflow.keras import layers; model.add(layers.Dense(10, activation='relu'))","Neural networks need tuning for optimal performance."
natural language processing,"NLP processes and analyzes human language.","It’s used in chatbots, translation, and sentiment analysis.","A Python NLP: import nltk; tokens = nltk.word_tokenize('Hello world')","NLP often requires preprocessing like tokenization."
computer vision,"Computer vision enables machines to interpret images.","It’s used in facial recognition and autonomous driving.","A Python CV: import cv2; img = cv2.imread('image.jpg'); cv2.imshow('Image', img)","Computer vision benefits from GPU acceleration."
try catch blocks,"Try-catch blocks handle exceptions in code.","They prevent crashes by catching errors.","A JavaScript try-catch: try { throw new Error('Oops'); } catch (e) { console.log(e.message); }","Catch specific errors for better error handling."
pointers,"Pointers store memory addresses of variables.","They’re used for direct memory access.","A C pointer: int x = 10; int* p = &x; *p = 20; printf('%d', x);","Pointers are powerful but error-prone—use carefully."
go routines,"Go routines are lightweight threads in Go.","They enable concurrent execution with low overhead.","A Go routine: go func() { fmt.Println('Running'); }(); time.Sleep(time.Second)","Use channels to communicate between Go routines."
golang,"Go (Golang) is a language for concurrency and simplicity.","It’s known for goroutines and fast compilation.","A Go program: package main; import 'fmt'; func main() { fmt.Println('Hello') }","Go is great for scalable backend systems."
ides,"IDEs (Integrated Development Environments) are tools for coding.","They offer features like debugging and autocomplete.","A VS Code setting: # Install Python extension for IntelliSense","IDEs improve productivity—choose one that fits your workflow."
text editors,"Text editors are lightweight tools for editing code.","They’re simpler than IDEs, like Vim or Notepad++.","A Vim command: :wq # Save and quit","Text editors are fast but lack advanced IDE features."
virtual machines,"Virtual machines emulate a computer system.","They run operating systems in isolation.","A VM setup: # VirtualBox: Create a new VM with 4GB RAM, Ubuntu ISO","VMs are useful for testing and isolation."
containers,"Containers package apps with their dependencies.","They’re lightweight compared to VMs.","A Docker container: docker run -d -p 80:80 nginx","Containers ensure consistency across environments."
docker,"Docker is a platform for containerization.","It simplifies deployment with container images.","A Docker image: docker build -t my-app .","Docker images are portable and versioned."
kubernetes,"Kubernetes orchestrates containerized applications.","It manages scaling, deployment, and load balancing.","A Kubernetes pod: kubectl run my-app --image=my-app --port=8080","Kubernetes is complex but powerful for large-scale apps."
cloud computing,"Cloud computing delivers services over the internet.","It includes IaaS, PaaS, and SaaS models.","An AWS S3 upload: aws s3 cp file.txt s3://my-bucket/","Cloud computing offers scalability but requires cost management."
aws,"AWS (Amazon Web Services) provides cloud computing services.","It offers compute, storage, and databases.","An AWS Lambda: exports.handler = async (event) => { return { statusCode: 200, body: 'Hello' }; };","AWS has a vast ecosystem—start with free tier."
azure,"Azure is Microsoft’s cloud computing platform.","It competes with AWS, offering similar services.","An Azure function: module.exports = async function (context) { context.res = { body: 'Hello' }; };","Azure integrates well with Microsoft products."
functors,"Functors are objects that can be mapped over.","They’re a functional programming concept.","A Scala functor: List(1, 2, 3).map(x => x * 2) # Functor mapping","Functors enable consistent transformations."
pure functions,"Pure functions always produce the same output for the same input.","They have no side effects, improving predictability.","A JavaScript pure function: function add(a, b) { return a + b; }","Pure functions are easier to test and debug."
function composition,"Function composition combines functions into a single function.","It applies one function’s output as another’s input.","A JavaScript composition: const compose = (f, g) => x => f(g(x)); const add1 = compose(x => x + 1, x => x * 2)","Composition promotes reusable, modular code."
partial application,"Partial application fixes some arguments of a function.","It creates a new function with fewer parameters.","A JavaScript partial: const add = (a, b) => a + b; const add5 = add.bind(null, 5);","Partial application is useful for currying."
tail recursion,"Tail recursion optimizes recursive calls.","The recursive call is the last operation, enabling stack reuse.","A Scala tail recursion: def factorial(n: Int, acc: Int = 1): Int = if (n <= 1) acc else factorial(n-1, n*acc)","Use @tailrec in Scala to ensure tail recursion."
concept,explanation,explanation 2,example,note
memoization,"Memoization is a technique to optimize functions by caching results.","It stores computed values to avoid redundant calculations, speeding up recursive calls.","A Python memoized Fibonacci: def fib(n, memo={}): if n in memo: return memo[n]; if n < 2: return n; memo[n] = fib(n-1) + fib(n-2); return memo[n]","Memoization trades memory for speed—use for expensive computations."
closures,"A closure is a function that retains access to its outer scope’s variables.","It allows functions to 'remember' their creation environment, even when called later.","A JavaScript closure: function makeCounter() { let count = 0; return () => count++; }; let counter = makeCounter();","Closures are useful for data privacy and maintaining state."
currying,"Currying transforms a function with multiple arguments into a series of single-argument functions.","It enables partial application, creating more modular and reusable code.","A JavaScript curried function: const add = a => b => a + b; const add5 = add(5); console.log(add5(3));","Currying simplifies function composition in functional programming."
higher order functions,"Higher-order functions take functions as arguments or return them.","They enable abstraction and are key in functional programming paradigms.","A Python higher-order function: def apply_twice(func, x): return func(func(x)); print(apply_twice(lambda x: x * 2, 3))","Higher-order functions enhance code flexibility and reusability."
time complexity,"Time complexity measures the time an algorithm takes as a function of input size.","It’s often expressed using Big O notation to describe worst-case performance.","A Python loop analysis: for i in range(n): print(i); # Time complexity: O(n)","Analyze time complexity to choose efficient algorithms."
space complexity,"Space complexity measures the memory an algorithm uses as a function of input size.","It includes both auxiliary space and input space, expressed in Big O notation.","A Python recursive space: def factorial(n): if n == 0: return 1; return n * factorial(n-1); # Space complexity: O(n) due to call stack","Optimize space complexity to prevent memory issues."
ai,"Artificial Intelligence (AI) is a broad field of computer science focused on creating systems that can perform tasks typically requiring human intelligence, such as learning, problem-solving, and decision-making.","AI encompasses various subfields like machine learning, natural language processing, and computer vision, aiming to simulate or replicate intelligent behavior in machines.","An AI-powered recommendation system on a streaming service uses concepts like machine learning (collaborative filtering) and data analysis to suggest movies you might like based on your viewing history and the preferences of similar users. Understanding data structures for efficient lookups is also key.","AI is rapidly evolving and impacts almost every industry, from healthcare to finance."
cyber security,"Cyber Security involves protecting computer systems, networks, and data from theft, damage, unauthorized access, or other cyber threats. It includes strategies, technologies, and practices designed to ensure confidentiality, integrity, and availability.","The field aims to defend against a wide array of threats, including malware, phishing, denial-of-service attacks, and data breaches, requiring constant vigilance and adaptation to new attack vectors.","A company implementing multi-factor authentication (MFA) for its employees is a cybersecurity measure. This requires understanding concepts like authentication protocols, cryptography (for secure token generation), and network security to protect login credentials.","Strong passwords and regular software updates are basic but crucial cybersecurity practices for everyone."
web programming,"Web Programming refers to the writing, markup, and coding involved in web development, which includes web content, web client and server scripting, and network security.","It's broadly divided into frontend (what the user sees and interacts with - HTML, CSS, JavaScript) and backend (server-side logic, databases, APIs - Python, Java, Node.js, etc.).","Building an interactive e-commerce website involves frontend web programming (HTML for structure, CSS for style, JavaScript for interactivity like adding items to a cart) and backend web programming (Python/Django or Node.js/Express for order processing, database management with SQL, and API design for payment gateways). Concepts like HTTP, REST APIs, and databases are crucial.","Web programming is dynamic, with new frameworks and technologies emerging constantly."
software engineer,"A Software Engineer is a professional who applies principles of software engineering to the design, development, maintenance, testing, and evaluation of computer software.","They work across various domains, from web and mobile applications to enterprise systems and embedded software, often collaborating in teams and following development methodologies like Agile or Waterfall.","A software engineer developing a mobile banking app would use programming languages (like Swift for iOS or Kotlin for Android), understand data structures (for managing transactions), algorithms (for efficient processing), APIs (to connect to bank servers), and follow version control (Git) and testing practices.","Good problem-solving skills and continuous learning are essential for a software engineer."
data scientist,"A Data Scientist is a professional who extracts knowledge and insights from data in various forms, both structured and unstructured, using scientific methods, processes, algorithms, and systems.","They combine skills from statistics, computer science (machine learning, data visualization), and domain expertise to solve complex data problems and inform business decisions.","A data scientist analyzing customer churn for a telecom company might use Python with libraries like Pandas (for data manipulation), Scikit-learn (for machine learning models like logistic regression or decision trees), and Matplotlib (for data visualization) to identify factors leading to churn and predict at-risk customers. Understanding statistics and algorithms is key.","Data scientists often need strong communication skills to explain complex findings to non-technical stakeholders."
machine learning engineer,"A Machine Learning Engineer is a specialized software engineer who focuses on designing, building, and deploying machine learning models into production systems.","They bridge the gap between data science (model creation) and software engineering (making models work reliably and at scale), handling tasks like data pipelines, model training, evaluation, and MLOps.","A machine learning engineer deploying a fraud detection model would work with data scientists to understand the model (e.g., a neural network or gradient boosting), build robust data preprocessing pipelines (Python, Spark), implement the model serving infrastructure (using APIs like Flask/FastAPI or specialized ML serving tools), and set up monitoring. Concepts like software architecture, CI/CD, and cloud computing are important.","ML Engineers need a strong understanding of both ML algorithms and software development best practices."
devops engineer,"A DevOps Engineer works to automate and streamline the processes between software development (Dev) and IT operations (Ops) teams.","Their goal is to shorten the systems development life cycle and provide continuous delivery with high software quality, using tools for automation, CI/CD, infrastructure as code, and monitoring.","A DevOps engineer setting up a CI/CD pipeline for a web application might use Jenkins or GitHub Actions to automate builds, run unit tests and integration tests, package the application into Docker containers, and deploy it to a cloud platform like AWS or Azure using Kubernetes. Understanding scripting, version control (Git), and cloud infrastructure is vital.","DevOps culture emphasizes collaboration, communication, and automation across teams."
cloud engineer,"A Cloud Engineer designs, implements, and manages an organization's cloud-based systems and infrastructure, working with platforms like AWS, Azure, or Google Cloud.","They are responsible for migrating on-premises applications to the cloud, optimizing cloud resource utilization, ensuring security, and managing scalability and reliability.","A cloud engineer migrating a company's database to AWS RDS would plan the migration strategy, configure the RDS instance (understanding database concepts), set up VPCs and security groups (network security), implement backup and disaster recovery plans, and monitor performance. Knowledge of specific cloud provider services and infrastructure as code (e.g., Terraform) is essential.","Certifications from cloud providers are often valuable for cloud engineers."
cybersecurity analyst,"A Cybersecurity Analyst protects an organization's computer systems and networks by identifying vulnerabilities, monitoring for threats, and responding to security incidents.","They use various tools and techniques to detect suspicious activities, analyze security breaches, perform risk assessments, and recommend security enhancements.","A cybersecurity analyst investigating a potential malware infection might use SIEM tools to correlate logs from firewalls, IDS/IPS, and endpoints, perform forensic analysis on affected systems, and identify the malware's behavior and origin. Understanding network protocols, operating systems, and malware analysis techniques is crucial.","Cybersecurity analysts need to stay updated on the latest threats and attack vectors."
game developer,"A Game Developer is involved in the creation and production of video games, covering aspects like game design, programming, art, sound design, and testing.","They can specialize in various roles, such as gameplay programmer (coding game mechanics), graphics programmer (rendering visuals), or tools programmer (creating development utilities).","A gameplay programmer creating a new character ability in a game engine like Unity or Unreal Engine would use C# or C++, implement the logic for the ability (algorithms, state machines), integrate it with physics and animation systems, and work with game designers to ensure it fits the intended player experience. Understanding 3D math and data structures is often required.","Game development is a highly collaborative field requiring both technical and creative skills."
mobile developer,"A Mobile Developer specializes in creating applications for mobile devices, such as smartphones and tablets, on platforms like iOS (using Swift or Objective-C) or Android (using Kotlin or Java).","They handle the entire app lifecycle from concept and design to development, testing, deployment on app stores, and maintenance.","A mobile developer building a social media app for Android would use Kotlin, Android Studio, implement UI components (XML or Jetpack Compose), handle API calls (e.g., Retrofit) to fetch and display feeds, manage local storage (SQLite or Room), and ensure the app is responsive and performs well on various devices. Knowledge of mobile UI/UX patterns and platform-specific guidelines is important.","Mobile developers need to consider factors like battery life, network connectivity, and device fragmentation."
full-stack developer,"A Full-Stack Developer is proficient in both frontend (client-side) and backend (server-side) web development, capable of building and maintaining all aspects of a web application.","They understand various technologies and programming languages for different layers of an application, from database management to user interface design.","A full-stack developer building a complete blog platform might use React for the frontend, Node.js with Express for the backend API, and MongoDB for the database. They would handle user authentication, content creation, display logic, and deployment. This requires understanding HTML, CSS, JavaScript, server-side languages, databases, and APIs.","Full-stack developers are versatile and can often manage entire projects or contribute across different teams."
